Lane,"Assembly Type","Total Length","No Contigs","Avg Contig Length","Largest Contig",N50,"Contigs in N50",N60,"Contigs in N60",N70,"Contigs in N70",N80,"Contigs in N80",N90,"Contigs in N90",N100,"Contigs in N100","No scaffolded bases (N)","Total Raw Reads","Reads Mapped","Reads Unmapped","Reads Paired","Reads Unpaired","Total Raw Bases","Total Bases Mapped","Total Bases Mapped (Cigar)","Average Read Length","Maximum Read Length","Average Quality","Insert Size Average","Insert Size Std Dev"
10625_1#1,"Scaffold: Velvet + Improvement",6508591,27,241058.93,936913,511054,5,508326,6,392492,7,304151,9,136858,12,430,27,27,4154222,4145548,8674,4154222,,415422200,414554800,411648774,100,100,35.0,270.6,80.2
10625_1#2,"Scaffold: Velvet + Improvement",6638149,45,147514.42,795621,443971,6,330949,8,250497,10,173321,13,96669,18,313,45,56,3728984,3720685,8299,3728984,,372898400,372068500,369427073,100,100,35.0,253.1,68.8
10625_1#3,"Scaffold: Velvet + Improvement",6450841,82,78668.79,665192,339097,8,259242,10,241891,12,140477,16,80744,22,312,82,43,4806870,4794990,11880,4806870,,480687000,479499000,475908450,100,100,34.9,279.6,90.3
10625_1#4,"Scaffold: Velvet + Improvement",6824498,60,113741.63,660636,427737,7,281182,9,261409,11,176503,15,76156,21,300,60,22,4403162,4265739,137423,4143882,121857,440316200,426573900,426396463,100,100,34.9,275.6,84.0
10625_1#5,"Scaffold: Velvet + Improvement",6455775,45,143461.67,1416173,445173,5,426787,6,349750,8,210105,10,94798,15,322,45,82,4570158,4427207,142951,4302198,125009,457015800,442720700,442537681,100,100,35.0,257.0,72.6
10625_1#6,"Scaffold: Velvet + Improvement",6553913,37,177132.78,1743782,459918,4,416653,5,332103,7,241427,10,103494,13,326,37,1,4719688,4575528,144160,4447018,128510,471968800,457552800,457364663,100,100,35.0,271.7,78.4
10625_1#7,"Scaffold: Velvet + Improvement",6679510,46,145206.74,1026883,396117,6,332133,8,268852,10,172870,13,136697,18,481,46,86,4761614,4617266,144348,4490298,126968,476161400,461726600,461524776,100,100,35.0,255.3,68.2
10625_1#8,"Scaffold: Velvet + Improvement",6296464,26,242171.69,852177,426992,5,410080,6,333206,8,275115,10,156305,13,322,26,35,4402642,4267713,134929,4147688,120025,440264200,426771300,426596130,100,100,35.0,255.7,73.4
10625_1#9,"Scaffold: Velvet + Improvement",6640204,32,207506.38,1191041,619441,4,614488,5,612684,6,448464,8,163231,10,374,32,3,4521888,4512512,9376,4521888,,452188800,451251200,448035915,100,100,34.9,267.6,78.5
10625_1#10,"Scaffold: Velvet + Improvement",6836663,40,170916.58,1262269,525011,4,365284,6,259020,8,173809,12,106419,17,320,40,53,4389990,4381113,8877,4389990,,438999000,438111300,435068375,100,100,35.0,257.4,72.3
10625_1#11,"Scaffold: Velvet + Improvement",6605168,47,140535.49,1027600,349219,6,288648,8,260472,10,189957,13,106036,18,307,47,66,4598430,4372927,225503,4175658,197269,459843000,437292700,437055112,100,100,34.4,388.5,169.6
10625_1#12,"Scaffold: Velvet + Improvement",6522500,61,106926.23,939060,393433,6,267099,9,238143,11,144412,15,71797,21,324,61,1,4675932,4529196,146736,4400518,128678,467593200,452919600,452733477,100,100,35.0,264.3,78.0
10625_1#13,"Scaffold: Velvet + Improvement",6787884,73,92984.71,1185973,331026,6,260641,9,234124,11,143710,15,82396,21,305,73,20,4619652,4482027,137625,4359768,122259,461965200,448202700,448023598,100,100,35.0,263.2,73.6
10625_1#14,"Scaffold: Velvet + Improvement",6375444,43,148266.14,803368,409877,6,340196,7,232789,10,203482,13,106214,17,617,43,92,4846230,4835464,10766,4846230,,484623000,483546400,480055135,100,100,35.0,272.8,79.3
10625_1#15,"Scaffold: Velvet + Improvement",6378018,63,101238.38,919524,485330,6,352700,7,220110,10,177362,13,113880,17,329,63,2,5006656,4994349,12307,5006656,,500665600,499434900,495760810,100,100,35.0,265.1,77.9
10625_1#16,"Scaffold: Velvet + Improvement",6733865,49,137425.82,820869,271328,8,258107,10,234842,13,173050,17,113767,21,302,49,55,4497954,4358591,139363,4235528,123063,449795400,435859100,435679835,100,100,35.0,269.2,77.7
10625_1#17,"Scaffold: Velvet + Improvement",6549146,48,136440.54,939148,528947,5,394745,6,375948,8,178664,11,130919,15,318,48,70,4183510,4057203,126307,3944844,112359,418351000,405720300,405555369,100,100,35.0,258.1,73.1
10625_1#19,"Scaffold: Velvet + Improvement",7064090,76,92948.55,600659,266886,8,186950,11,157565,15,115856,21,76152,28,304,76,103,5303970,5289983,13987,5303970,,530397000,528998300,525142533,100,100,35.0,277.9,80.6
10625_1#20,"Scaffold: Velvet + Improvement",6764296,47,143921.19,1077808,497141,5,351611,7,296931,9,199917,12,83609,17,311,47,61,5153234,5140315,12919,5153234,,515323400,514031500,510407893,100,100,35.0,268.1,76.8
10625_1#21,"Scaffold: Velvet + Improvement",6716434,28,239872.64,782909,552453,5,390358,7,351420,8,209996,11,201081,14,1632,28,37,5215402,5051543,163859,4906408,145135,521540200,505154300,504947036,100,100,35.0,268.3,76.8
10625_1#22,"Scaffold: Velvet + Improvement",6316854,36,175468.17,1275652,574380,4,425739,6,421919,7,287756,9,202915,12,313,36,67,5505286,5331747,173539,5178122,153625,550528600,533174700,532952867,100,100,35.0,266.0,79.6
10625_1#23,"Scaffold: Velvet + Improvement",6525285,61,106971.89,806164,331448,7,322900,9,201841,12,153600,15,91385,21,308,61,56,5395588,5235277,160311,5092368,142909,539558800,523527700,523315502,100,100,35.0,255.6,69.3
10625_1#24,"Scaffold: Velvet + Improvement",6761174,59,114596.17,1214609,301532,7,233616,10,187035,13,115229,18,76382,26,329,59,17,5249184,5086385,162799,4943410,142975,524918400,508638500,508432416,100,100,35.0,258.6,72.8
10625_1#25,"Scaffold: Velvet + Improvement",7120482,98,72657.98,706105,306218,8,257496,11,180230,14,145172,18,106436,24,301,98,112,4901768,4758414,143354,4631884,126530,490176800,475841400,475656200,100,100,35.0,262.4,73.2
10625_1#26,"Scaffold: Velvet + Improvement",6637880,57,116454.04,799613,357137,6,253882,8,190703,11,128862,16,89994,22,300,57,18,5048402,4882818,165584,4740950,141868,504840200,488281800,488078601,100,100,35.0,256.7,71.4
10625_1#27,"Scaffold: Velvet + Improvement",6649919,35,189997.69,884073,523922,6,451857,7,253430,9,207647,12,136447,16,304,35,66,5261820,5102004,159816,4960534,141470,526182000,510200400,509995379,100,100,35.0,265.6,78.6
10625_1#28,"Scaffold: Velvet + Improvement",6593456,48,137363.67,814034,407599,6,393185,7,247689,10,161064,13,94149,18,314,48,67,5222394,5061432,160962,4920182,141250,522239400,506143200,505938237,100,100,35.0,267.4,78.6
10625_1#30,"Scaffold: Velvet + Improvement",6646368,64,103849.50,1113033,342572,7,255390,9,204097,12,193004,15,94578,20,389,64,27,5298298,5287208,11090,5298298,,529829800,528720800,525070689,100,100,35.0,259.6,70.8
10625_1#31,"Scaffold: Velvet + Improvement",6712254,82,81856.76,725249,338756,7,257818,10,184911,13,132478,17,71991,24,300,82,48,4914180,4757879,156301,4622928,134951,491418000,475787900,475595098,100,100,35.0,259.5,69.6
10625_1#32,"Scaffold: Velvet + Improvement",6750569,89,75849.09,578337,269175,8,204522,10,164575,14,92285,19,64437,27,304,89,62,4838024,4827114,10910,4838024,,483802400,482711400,479269641,100,100,35.0,257.0,73.5
10625_1#33,"Scaffold: Velvet + Improvement",6300860,40,157521.50,703766,423234,6,332114,8,261696,10,226205,12,134647,16,321,40,46,4743416,4598918,144498,4471428,127490,474341600,459891800,459703041,100,100,35.0,252.3,66.2
10625_1#34,"Scaffold: Velvet + Improvement",6636524,57,116430.25,704206,269128,9,253975,11,185471,15,154644,19,91039,24,361,57,0,4898146,4748402,149744,4616386,132016,489814600,474840200,474645313,100,100,35.0,256.1,70.5
10625_1#35,"Scaffold: Velvet + Improvement",7147611,82,87165.99,1541831,254779,6,197984,10,187883,13,125016,18,54743,26,305,82,6,5635628,5465214,170414,5316178,149036,563562800,546521400,546304083,100,100,35.0,262.6,73.1
10625_1#37,"Scaffold: Velvet + Improvement",6781304,43,157704.74,1064433,390696,6,301575,8,206233,11,166098,15,129151,19,503,43,98,5496778,5483904,12874,5496778,,549677800,548390400,544470589,100,100,35.0,258.5,73.1
10625_1#38,"Scaffold: Velvet + Improvement",6456164,69,93567.59,912763,338949,6,255747,8,174419,11,109846,16,66322,23,317,69,18,5654888,5475174,179714,5316802,158372,565488800,547517400,547285930,100,100,35.0,262.2,72.3
10625_1#39,"Scaffold: Velvet + Improvement",6896954,86,80197.14,886255,328647,7,261647,9,157762,13,109279,18,77827,26,308,86,2,5313088,5300797,12291,5313088,,531308800,530079700,526362396,100,100,35.0,252.4,67.2
10625_1#40,"Scaffold: Velvet + Improvement",6515141,47,138620.02,620387,396320,7,283294,9,211506,12,122773,16,87434,22,524,47,29,5338342,5326020,12322,5338342,,533834200,532602000,528699320,100,100,35.0,260.3,73.9
10625_1#41,"Scaffold: Velvet + Improvement",7025720,71,98953.80,628615,413355,7,269960,10,190091,13,168813,17,87670,23,340,71,58,4666080,4526580,139500,4402930,123650,466608000,452658000,452474883,100,100,35.0,260.7,70.8
10625_1#42,"Scaffold: Velvet + Improvement",6965785,72,96747.01,548715,230769,10,198464,13,155642,17,113523,22,58493,31,365,72,0,5081146,5069806,11340,5081146,,508114600,506980600,503211585,100,100,35.0,258.2,69.9
10625_1#43,"Scaffold: Velvet + Improvement",6494186,46,141177.96,793424,407157,6,350712,8,236444,10,189486,13,93365,18,371,46,68,5518802,5507308,11494,5518802,,551880200,550730800,546837126,100,100,35.0,268.6,74.0
10625_1#44,"Scaffold: Velvet + Improvement",6450927,31,208094.42,1325779,556215,4,451834,6,372856,7,239386,9,127928,13,346,31,0,5320988,5157555,163433,5012940,144615,532098800,515755500,515543897,100,100,35.0,256.6,71.6
10625_1#45,"Scaffold: Velvet + Improvement",6821049,55,124019.07,664218,329399,7,271332,9,183090,12,136698,17,95886,22,318,55,35,5284118,5120251,163867,4977674,142577,528411800,512025100,511812733,100,100,35.0,261.2,76.4
10625_1#46,"Scaffold: Velvet + Improvement",6698762,58,115495.90,794819,556331,5,392847,7,234457,9,206765,12,114581,16,357,58,5,5391062,5221236,169826,5074350,146886,539106200,522123600,521910575,100,100,35.0,251.3,70.4
10625_1#47,"Scaffold: Velvet + Improvement",6864069,40,171601.73,1373289,504435,5,297485,7,231906,9,150371,13,103733,18,565,40,3,4826926,4816407,10519,4826926,,482692600,481640700,478299308,100,100,35.0,255.6,66.4
10625_1#48,"Scaffold: Velvet + Improvement",6982514,76,91875.18,626966,191603,10,165642,14,129159,19,106679,25,65211,33,326,76,53,4725646,4578391,147255,4448028,130363,472564600,457839100,457649860,100,100,35.0,259.8,67.9
10625_1#49,"Scaffold: Velvet + Improvement",6443888,57,113050.67,852095,321702,6,282527,9,256680,11,164645,14,90171,20,327,57,30,4891628,4880348,11280,4891628,,489162800,488034800,484540376,100,100,35.0,248.2,68.7
10625_1#50,"Scaffold: Velvet + Improvement",6977699,105,66454.28,645968,189812,11,161301,15,112585,20,84256,27,52087,37,312,105,81,5121992,4958993,162999,4817154,141839,512199200,495899300,495692552,100,100,35.0,260.4,73.8
10625_1#51,"Scaffold: Velvet + Improvement",6984864,67,104251.70,433353,214217,11,185051,15,129163,19,99937,25,60703,34,326,67,65,5057404,5046493,10911,5057404,,505740400,504649300,500980370,100,100,35.0,264.6,74.8
10625_1#52,"Scaffold: Velvet + Improvement",6572115,52,126386.83,1196002,599047,4,562392,5,436590,7,426592,8,135151,11,305,52,25,4943262,4787335,155927,4650866,136469,494326200,478733500,478534500,100,100,35.0,259.1,74.0
10625_1#53,"Scaffold: Velvet + Improvement",6787007,70,96957.24,600527,224332,10,202508,13,170564,17,139908,21,83004,28,300,70,87,5303836,5136229,167607,4989356,146873,530383600,513622900,513412033,100,100,35.0,254.8,65.7
10625_1#54,"Scaffold: Velvet + Improvement",6549516,56,116955.64,665616,375051,7,320107,9,268386,11,172709,14,131065,18,341,56,116,5249774,5084180,165594,4937064,147116,524977400,508418000,508205736,100,100,35.0,260.7,70.5
10625_1#55,"Scaffold: Velvet + Improvement",6827609,75,91034.79,711647,341274,8,327709,10,210978,12,135894,16,87666,22,305,75,1,4739956,4713519,26437,4739956,,473995600,471351900,467980099,100,100,35.0,254.4,67.4
10625_1#56,"Scaffold: Velvet + Improvement",6502063,41,158586.90,1117315,425967,5,404516,7,336942,9,192847,11,70562,17,385,41,1,4711536,4565793,145743,4436302,129491,471153600,456579300,456390958,100,100,35.0,250.3,66.4
10625_1#57,"Scaffold: Velvet + Improvement",6438405,60,107306.75,542217,342148,7,237785,10,209257,13,159218,16,84450,22,330,60,20,4818256,4665325,152931,4531964,133361,481825600,466532500,466338461,100,100,35.0,249.4,65.5
10625_1#58,"Scaffold: Velvet + Improvement",6903391,62,111345.02,850084,343297,7,236223,10,171750,13,115132,18,73175,25,335,62,46,4953888,4943056,10832,4953888,,495388800,494305600,490883300,100,100,35.0,263.2,71.5
10625_1#59,"Scaffold: Velvet + Improvement",7960112,1886,4220.63,79234,10925,194,8691,277,6244,385,4158,539,2055,803,159,1886,1797,5036368,4642852,393516,4385666,257186,503636800,464285200,463949275,100,100,35.0,287.6,134.4
10625_1#60,"Scaffold: Velvet + Improvement",6526265,61,106987.95,1131957,218064,7,203231,10,168301,14,142569,18,78468,25,338,61,84,4976368,4739312,237056,4596750,142562,497636800,473931200,473710146,100,100,35.0,260.8,73.4
10625_1#61,"Scaffold: Velvet + Improvement",6647874,55,120870.44,821600,425391,6,416331,7,335562,9,222986,11,98471,16,308,55,2,5207724,4956732,250992,4777054,179678,520772400,495673200,495430193,100,100,35.0,241.7,78.0
10625_1#62,"Scaffold: Velvet + Improvement",6945715,61,113864.18,502751,293110,9,215395,12,193994,16,127310,20,65991,28,326,61,1,4992326,4839010,153316,4704584,134426,499232600,483901000,483703694,100,100,35.0,254.3,68.7
10625_1#63,"Scaffold: Velvet + Improvement",6856522,54,126972.63,837308,412012,6,322513,8,214438,11,170681,14,85879,20,390,54,25,4773982,4624770,149212,4499478,125292,477398200,462477000,462289301,100,100,35.0,256.8,71.3
10625_1#66,"Scaffold: Velvet + Improvement",6876041,81,84889.40,1340178,269186,7,234518,9,139576,13,115186,18,90199,25,312,81,45,4774016,4626164,147852,4496242,129922,477401600,462616400,462427819,100,100,35.0,263.5,71.3
10625_1#67,"Scaffold: Velvet + Improvement",6704671,52,128935.98,897899,289469,8,265741,10,204239,13,172860,16,87100,22,318,52,26,5163236,5011025,152211,4875208,135817,516323600,501102500,500897364,100,100,35.0,266.1,71.9
10625_1#68,"Scaffold: Velvet + Improvement",7027574,48,146407.79,531301,277621,9,208088,12,177569,16,150292,20,93289,26,336,48,14,4624682,4482668,142014,4358296,124372,462468200,448266800,448084059,100,100,35.0,270.4,83.3
10625_1#69,"Scaffold: Velvet + Improvement",6357701,25,254308.04,1054298,770621,4,498560,5,349976,7,268258,9,174264,11,610,25,9,4809018,4655735,153283,4518512,137223,480901800,465573500,465380045,100,100,35.0,264.5,73.2
10625_1#70,"Scaffold: Velvet + Improvement",6637611,115,57718.36,697946,202477,9,132686,13,106328,18,80598,25,52591,35,251,115,3,4662332,4513735,148597,4386562,127173,466233200,451373500,451190755,100,100,35.0,250.1,69.0
10625_1#71,"Scaffold: Velvet + Improvement",6638077,76,87343.12,813267,235076,9,184084,12,150357,15,111490,21,60293,29,347,76,118,4388930,4221467,167463,4097118,124349,438893000,422146700,421961633,100,100,35.0,260.7,70.4
10625_1#72,"Scaffold: Velvet + Improvement",6579146,42,156646.33,1195816,429117,5,350203,7,212673,9,147886,13,101691,18,482,42,150,4242036,4103298,138738,3989902,113396,424203600,410329800,410160361,100,100,35.0,255.9,67.4
10625_1#73,"Scaffold: Velvet + Improvement",6748276,38,177586.21,881217,628909,5,484574,6,264656,9,203211,11,171990,15,500,38,84,4866692,4717802,148890,4588354,129448,486669200,471780200,471588617,100,100,35.0,256.7,67.9
10625_1#74,"Scaffold: Velvet + Improvement",7070443,64,110475.67,649393,293578,9,270074,11,203058,15,160299,19,79300,25,360,64,43,4972568,4776163,196405,4640020,136143,497256800,477616300,477402707,100,100,35.0,252.3,70.5
10678_2#1,"Scaffold: Velvet + Improvement",6413814,37,173346.32,730552,470701,6,451848,7,361171,9,195064,11,93357,17,437,37,0,4731566,4660456,71110,4600984,59472,473156600,466045600,465899313,100,100,34.8,246.2,64.0
10678_2#2,"Scaffold: Velvet + Improvement",6376861,58,109945.88,700277,370928,7,351202,8,250586,10,151323,14,93257,19,300,58,8,4503754,4431859,71895,4372292,59567,450375400,443185900,443046823,100,100,34.8,242.5,61.9
10678_2#3,"Scaffold: Velvet + Improvement",6419969,47,136595.09,726967,347706,7,269150,9,219114,12,200345,15,121802,19,355,47,1,5171454,5087121,84333,5018292,68829,517145400,508712100,508546497,100,100,34.8,251.3,70.1
10678_2#4,"Scaffold: Velvet + Improvement",6442689,86,74914.99,582017,287636,8,250984,10,192150,13,118217,17,66266,24,310,86,55,4173452,4093998,79454,4030168,63830,417345200,409399800,409256327,100,100,34.7,276.3,88.4
10678_2#5,"Scaffold: Velvet + Improvement",6306069,28,225216.75,1043909,545425,4,521394,5,427894,7,409758,8,319482,10,508,28,1,5028648,4956468,72180,4896398,60070,502864800,495646800,495492799,100,100,34.8,244.0,57.3
10678_2#6,"Scaffold: Velvet + Improvement",6637448,56,118525.86,768167,312085,7,261699,9,192309,12,171083,16,84989,21,348,56,12,5532890,5525186,7704,5532890,,553289000,552518600,550869705,100,100,34.8,254.1,67.6
10678_2#7,"Scaffold: Velvet + Improvement",6951542,71,97909.04,1080712,426186,6,413894,7,336395,9,143622,12,74757,19,352,71,8,5431288,5342981,88307,5273544,69437,543128800,534298100,534117703,100,100,34.8,244.4,66.9
10678_2#8,"Scaffold: Velvet + Improvement",6487111,35,185346.03,700921,509887,6,504880,7,315685,8,195068,11,106103,15,474,35,1,5374906,5369155,5751,5374906,,537490600,536915500,535354663,100,100,34.8,239.0,60.2
10678_2#9,"Scaffold: Velvet + Improvement",6756226,61,110757.80,989048,406302,5,289210,7,214503,10,173524,13,72167,20,315,61,4,4738582,4732510,6072,4738582,,473858200,473251000,471857140,100,100,34.8,249.3,62.3
10678_2#10,"Scaffold: Velvet + Improvement",6951688,68,102230.71,874485,413899,6,332185,8,258649,10,170811,13,119773,18,359,68,2,4744862,4739276,5586,4744862,,474486200,473927600,472514731,100,100,34.8,257.0,64.2
10678_2#11,"Scaffold: Velvet + Improvement",6931704,54,128364.89,654622,339962,7,308613,10,244802,12,172178,16,97823,21,360,54,1,5122378,5045122,77256,4981206,63916,512237800,504512200,504357057,100,100,34.8,249.9,60.2
10678_2#12,"Scaffold: Velvet + Improvement",6454354,34,189833.94,782174,451826,6,354296,7,296646,9,164429,12,129197,16,346,34,0,4813104,4736816,76288,4675174,61642,481310400,473681600,473533206,100,100,34.8,250.6,63.3
10678_2#13,"Scaffold: Velvet + Improvement",6738764,87,77457.06,739879,378984,7,300926,9,208027,12,162139,16,90189,21,308,87,4,4683922,4600335,83587,4536400,63935,468392200,460033500,459889555,100,100,34.8,250.5,60.5
10678_2#14,"Scaffold: Velvet + Improvement",6651529,55,120936.89,656417,339052,7,226228,10,189289,13,165419,17,92880,22,337,55,8,5113094,5031207,81887,4963776,67431,511309400,503120700,502959414,100,100,34.8,253.5,63.3
10678_2#15,"Scaffold: Velvet + Improvement",6871337,165,41644.47,823185,164832,14,146690,19,102169,24,77574,31,34044,44,301,165,3,4967286,4892622,74664,4967286,,496728600,489262200,487338476,100,100,34.8,256.7,67.7
10678_2#16,"Scaffold: Velvet + Improvement",6751837,70,96454.81,510205,269821,8,178063,11,143609,15,117581,20,69102,27,336,70,0,5248734,5241688,7046,5248734,,524873400,524168800,522648375,100,100,34.8,246.5,65.0
10678_2#17,"Scaffold: Velvet + Improvement",6949796,82,84753.61,816958,433693,6,336437,8,255914,10,154388,14,90737,19,338,82,6,4857876,4850570,7306,4857876,,485787600,485057000,483626279,100,100,34.8,243.8,64.7
10678_2#18,"Scaffold: Velvet + Improvement",6644214,56,118646.68,713972,329864,7,295752,9,263492,11,123767,15,82426,22,380,56,20,5023510,4945388,78122,4881824,63564,502351000,494538800,494383181,100,100,34.8,252.8,61.4
10678_2#19,"Scaffold: Velvet + Improvement",6819267,95,71781.76,819068,295950,7,252507,9,238050,12,173442,16,96677,21,314,95,27,4802180,4722593,79587,4657968,64625,480218000,472259300,472106530,100,100,34.8,261.2,64.3
10678_2#20,"Scaffold: Velvet + Improvement",6414334,45,142540.76,873266,510685,5,330930,7,194465,9,178940,13,105888,18,320,45,0,4771774,4693469,78305,4630452,63017,477177400,469346900,469196820,100,100,34.8,255.0,68.3
10678_2#21,"Scaffold: Velvet + Improvement",7110814,59,120522.27,960777,407434,6,336449,8,258490,10,169564,13,90731,19,332,59,2,4962814,4886245,76569,4824860,61385,496281400,488624500,488475013,100,100,34.8,244.7,59.3
10678_2#22,"Scaffold: Velvet + Improvement",6821634,90,75795.93,706355,295946,7,271944,9,239933,12,130382,16,85463,22,314,90,10,5556636,5467242,89394,5396300,70942,555663600,546724200,546552550,100,100,34.8,245.9,60.0
10678_2#23,"Scaffold: Velvet + Improvement",6818192,63,108225.27,1083752,261661,7,213562,10,138270,13,118539,18,81553,25,311,63,1,5322758,5236949,85809,5167128,69821,532275800,523694900,523529854,100,100,34.8,258.0,66.2
10678_2#24,"Scaffold: Velvet + Improvement",6295600,40,157390.00,862179,493980,5,350331,7,311781,9,241172,11,111705,15,377,40,5,5640194,5550857,89337,5477618,73239,564019400,555085700,554910533,100,100,34.8,249.3,62.4
10678_2#25,"Scaffold: Velvet + Improvement",6684820,46,145322.17,1631276,505339,4,384589,6,250347,8,207444,11,90900,16,407,46,2,4844108,4838777,5331,4844108,,484410800,483877700,482489709,100,100,34.8,251.0,62.5
10678_2#26,"Scaffold: Velvet + Improvement",6383613,42,151990.79,821328,304667,6,261652,8,205733,11,165164,14,115521,19,717,42,1,4742406,4665090,77316,4602414,62676,474240600,466509000,466357861,100,100,34.8,252.7,64.2
10678_2#27,"Scaffold: Velvet + Improvement",6712762,64,104886.91,1030736,574750,5,389928,6,230407,9,142850,12,90499,18,303,64,1,4971672,4893267,78405,4830330,62937,497167200,489326700,489175010,100,100,34.8,246.0,61.6
10678_2#29,"Scaffold: Velvet + Improvement",6458762,34,189963.59,1105220,697433,4,426048,6,423749,7,237097,9,140934,12,477,34,0,5051698,5044471,7227,5051698,,505169800,504447100,502985170,100,100,34.8,253.7,61.8
10678_2#30,"Scaffold: Velvet + Improvement",7017232,57,123109.33,1034644,613131,5,479269,6,343019,8,168397,11,102901,16,303,57,7,5307670,5223535,84135,5158798,64737,530767000,522353500,522191311,100,100,34.8,255.0,62.8
10678_2#31,"Scaffold: Velvet + Improvement",7037520,58,121336.55,1150366,599935,4,428932,6,392799,7,184929,10,145173,14,353,58,5,5539958,5532039,7919,5539958,,553995800,553203900,551595389,100,100,34.8,257.6,66.2
10678_2#32,"Scaffold: Velvet + Improvement",6679159,76,87883.67,837935,331183,7,253894,9,212180,12,147987,15,71820,22,300,76,0,5591052,5504675,86377,5434284,70391,559105200,550467500,550295127,100,100,34.8,244.5,62.5
10678_2#33,"Scaffold: Velvet + Improvement",6970398,74,94194.57,685431,222211,8,216111,11,179962,15,99598,20,61681,28,307,74,3,5102902,5096732,6170,5102902,,510290200,509673200,508300398,100,100,34.9,243.5,59.3
10678_2#34,"Scaffold: Velvet + Improvement",7040197,51,138043.08,1020031,467166,5,391930,7,322965,9,205344,12,119733,16,309,51,11,4756118,4750847,5271,4756118,,475611800,475084700,473757252,100,100,34.8,254.2,64.1
10678_2#35,"Scaffold: Velvet + Improvement",6271080,22,285049.09,1252538,960786,3,556348,4,408715,6,349781,7,159839,10,578,22,1,5486270,5478204,8066,5486270,,548627000,547820400,546135132,100,100,34.7,275.3,82.0
10678_2#37,"Scaffold: Velvet + Improvement",7025879,54,130108.87,842508,286677,7,240944,10,178499,13,137853,18,93174,23,353,54,0,5205772,5121923,83849,5055232,66691,520577200,512192300,512029923,100,100,34.8,253.6,61.4
10678_2#38,"Scaffold: Velvet + Improvement",6303615,46,137035.11,551212,396152,7,346117,9,267659,11,238740,13,108438,17,504,46,9,5565054,5553510,11544,5565054,,556505400,555351000,553662236,100,100,34.8,247.2,57.1
10678_2#39,"Scaffold: Velvet + Improvement",6856896,70,97955.66,917973,273276,8,226388,11,161288,14,116647,19,56316,28,308,70,1,5564782,5473305,91477,5403364,69941,556478200,547330500,547159588,100,100,34.8,245.5,59.5
10678_2#40,"Scaffold: Velvet + Improvement",6967163,73,95440.59,857379,569856,5,413738,7,335719,9,271540,11,87992,17,327,73,2,5754600,5740936,13664,5754600,,575460000,574093600,572319594,100,100,34.8,238.7,58.4
10678_2#41,"Scaffold: Velvet + Improvement",6776145,50,135522.90,645968,303090,8,255555,11,228359,13,152917,17,125962,22,389,50,2,4993224,4987140,6084,4993224,,499322400,498714000,497245401,100,100,34.8,253.6,62.7
10678_2#42,"Scaffold: Velvet + Improvement",6807068,81,84037.88,955400,319054,5,255134,8,165420,11,125958,16,92069,22,305,81,2,5085616,4999917,85699,4930712,69205,508561600,499991700,499831202,100,100,34.8,258.6,64.2
10678_2#43,"Scaffold: Velvet + Improvement",6309130,48,131440.21,699641,411283,6,330870,8,278095,10,210876,13,107786,17,321,48,0,5435784,5348992,86792,5279914,69078,543578400,534899200,534728631,100,100,34.8,249.4,59.0
10678_2#44,"Scaffold: Velvet + Improvement",6858752,44,155880.73,771029,352528,6,315875,8,234134,11,196862,14,104837,18,422,44,1,5268628,5188302,80326,5122350,65952,526862800,518830200,518667369,100,100,34.8,252.9,65.0
10678_2#45,"Scaffold: Velvet + Improvement",6501619,46,141339.54,678840,390342,7,386513,8,218656,10,172032,14,96393,18,314,46,1,5375946,5369861,6085,5375946,,537594600,536986100,535334341,100,100,34.7,260.9,73.3
10678_2#46,"Scaffold: Velvet + Improvement",6520011,45,144889.13,645809,428473,6,350201,8,309765,9,215863,12,117680,16,382,45,1,5905394,5814259,91135,5741034,73225,590539400,581425900,581243420,100,100,34.8,246.5,60.0
10678_2#47,"Scaffold: Velvet + Improvement",6536047,48,136167.65,868403,427648,6,344900,8,262049,10,212563,13,104188,17,317,48,0,5521016,5432709,88307,5361662,71047,552101600,543270900,543096994,100,100,34.8,258.5,61.9
10678_2#48,"Scaffold: Velvet + Improvement",6552876,54,121349.56,694849,407053,6,377630,8,340017,10,218272,12,120206,17,336,54,0,5390898,5302044,88854,5231426,70618,539089800,530204400,530032499,100,100,34.8,257.8,65.6
10678_2#49,"Scaffold: Velvet + Improvement",7046408,68,103623.65,962624,379492,6,295547,8,211698,11,152686,15,70555,22,414,68,9,4916424,4842039,74385,4781080,60959,491642400,484203900,484054830,100,100,34.8,244.1,59.8
10678_2#50,"Scaffold: Velvet + Improvement",6453234,48,134442.38,975593,590232,5,399101,6,350388,8,248031,10,100001,15,315,48,12,4858956,4780223,78733,4716138,64085,485895600,478022300,477868932,100,100,34.8,252.0,64.2
10678_2#51,"Scaffold: Velvet + Improvement",6491834,35,185480.97,1033295,539371,5,483895,6,311712,8,284938,10,193031,13,352,35,0,5534724,5450361,84363,5380626,69735,553472400,545036100,544863053,100,100,34.8,247.8,60.0
10678_2#52,"Scaffold: Velvet + Improvement",6467618,41,157746.78,1034858,454927,5,391981,7,338511,9,284367,11,94050,14,321,41,0,5112790,5102287,10503,5112790,,511279000,510228700,508705417,100,100,34.8,250.0,62.3
10678_2#53,"Scaffold: Velvet + Improvement",6679977,65,102768.88,1087491,389973,5,300775,7,230420,9,118842,14,81295,20,302,65,3,5399458,5320625,78833,5399458,,539945800,532062500,529797853,100,100,34.8,258.2,66.1
10678_2#54,"Scaffold: Velvet + Improvement",6872443,83,82800.52,697745,192247,11,172761,15,135727,19,94872,25,56841,34,414,83,11,5819546,5730557,88989,5657244,73313,581954600,573055700,572877411,100,100,34.8,242.9,58.6
10678_2#55,"Scaffold: Velvet + Improvement",6317767,54,116995.69,1105424,459095,5,350653,6,261883,8,198336,11,95910,16,383,54,0,5424692,5415298,9394,5424692,,542469200,541529800,539874483,100,100,34.8,248.5,59.7
10678_2#56,"Scaffold: Velvet + Improvement",6522968,39,167255.59,1177494,473362,5,371782,7,311131,9,197648,11,107056,15,315,39,1,6265074,6167589,97485,6088054,79535,626507400,616758900,616563973,100,100,34.8,244.1,62.5
10678_2#57,"Scaffold: Velvet + Improvement",6254143,29,215660.10,944330,833129,4,730682,5,442723,6,428527,7,127833,10,483,29,1,5667066,5659085,7981,5667066,,566706600,565908500,564249445,100,100,34.8,247.6,60.4
10678_2#58,"Scaffold: Velvet + Improvement",6891655,57,120906.23,806122,542729,6,377677,7,321885,9,157634,13,85333,19,140,57,7,5463966,5457488,6478,5463966,,546396600,545748800,544199460,100,100,34.8,245.2,63.0
10678_2#59,"Scaffold: Velvet + Improvement",7136057,87,82023.64,993121,429165,5,353273,7,261787,10,171915,14,72089,19,311,87,13,5747506,5740389,7117,5747506,,574750600,574038900,572394402,100,100,34.8,253.7,64.7
10678_2#60,"Scaffold: Velvet + Improvement",6901731,43,160505.37,938932,569669,5,438991,7,287003,9,270152,11,179316,14,356,43,27,5776060,5683898,92162,5609150,74748,577606000,568389800,568210993,100,100,34.8,250.5,62.5
10678_2#61,"Scaffold: Velvet + Improvement",6780432,60,113007.20,979697,301576,7,210609,10,191425,13,136717,17,84588,24,302,60,0,5619760,5612049,7711,5619760,,561976000,561204900,559505868,100,100,34.8,260.0,69.6
10678_2#62,"Scaffold: Velvet + Improvement",7100599,83,85549.39,797409,255569,10,238142,13,165440,17,129850,22,68215,30,312,83,12,6157988,6147939,10049,6157988,,615798800,614793900,612979983,100,100,34.8,245.1,58.1
10678_2#63,"Scaffold: Velvet + Improvement",6314591,46,137273.72,925347,479085,5,319488,7,292700,9,203095,12,81767,18,325,46,1,5890214,5881607,8607,5890214,,589021400,588160700,586466490,100,100,34.8,243.7,57.0
10678_2#64,"Scaffold: Velvet + Improvement",6498429,53,122611.87,1896913,418778,4,263325,6,234350,9,208290,12,107342,17,411,53,14,6386062,6222335,163727,6132062,90273,638606200,622233500,622011753,100,100,34.8,238.1,62.2
10678_2#65,"Scaffold: Velvet + Improvement",7013420,83,84499.04,658652,192622,10,177826,14,130913,19,93992,25,56510,34,326,83,30,5348854,5254349,94505,5183678,70671,534885400,525434900,525267046,100,100,34.8,244.2,59.0
10678_2#66,"Scaffold: Velvet + Improvement",6428023,49,131184.14,1012045,319171,6,255390,8,222321,10,212030,13,75097,19,309,49,6,5344814,5252273,92541,5182968,69305,534481400,525227300,525055152,100,100,34.8,256.8,62.5
10678_2#67,"Scaffold: Velvet + Improvement",6559845,42,156186.79,1479196,433423,4,349549,6,268351,8,250894,11,217383,13,445,42,1,4982400,4919021,63379,4982400,,498240000,491902100,489989402,100,100,34.6,289.4,93.9
10678_2#68,"Scaffold: Velvet + Improvement",6580709,50,131614.18,965500,495031,5,426567,6,294252,8,202731,11,122500,15,300,50,4,5206954,5122901,84053,5053136,69765,520695400,512290100,512125643,100,100,34.8,252.9,68.3
10678_2#69,"Scaffold: Velvet + Improvement",6765118,53,127643.74,850103,343291,6,298774,9,211662,11,125962,16,92084,22,486,53,0,5004878,4924301,80577,4856796,67505,500487800,492430100,492274418,100,100,34.8,259.5,73.0
10678_2#70,"Scaffold: Velvet + Improvement",6596061,73,90357.00,1135101,322839,6,228701,8,186580,11,108090,16,72652,23,300,73,2,5242368,5160479,81889,5092982,67497,524236800,516047900,515884499,100,100,34.8,254.4,67.8
10678_2#71,"Scaffold: Velvet + Improvement",6952426,68,102241.56,912943,462833,5,413813,7,255917,9,161451,13,87328,18,362,68,2,5381640,5296677,84963,5227004,69673,538164000,529667700,529499136,100,100,34.8,259.8,66.0
10678_2#72,"Scaffold: Velvet + Improvement",6700359,51,131379.59,922273,580563,5,529374,6,354404,8,245885,10,106355,14,304,51,9,5644446,5543068,101378,5469088,73980,564444600,554306800,554124204,100,100,34.8,243.7,67.2
10678_2#74,"Scaffold: Velvet + Improvement",6915649,85,81360.58,740599,207627,8,175689,12,141809,16,126058,21,51068,30,340,85,11,4902724,4819402,83322,4758526,60876,490272400,481940200,481784848,100,100,34.9,246.8,58.4
10678_2#75,"Scaffold: Velvet + Improvement",7027362,120,58561.35,611387,223246,11,192010,14,114835,19,80561,27,56473,38,300,120,28,4859368,4702660,156708,4625082,77578,485936800,470266000,470080309,100,100,34.8,263.5,75.8
10678_4#1,"Scaffold: Velvet + Improvement",6325312,20,316265.60,1336540,586993,4,570590,5,408174,6,350766,8,275457,10,3236,20,4,5221924,5209766,12158,5221924,,522192400,520976600,519388263,100,100,34.4,267.6,75.7
10678_4#2,"Scaffold: Velvet + Improvement",6819539,46,148250.85,777543,272378,7,263506,9,201066,12,136124,17,90253,23,324,46,14,4926788,4919333,7455,4926788,,492678800,491933300,490405735,100,100,34.5,247.4,58.5
10678_4#3,"Scaffold: Velvet + Improvement",6340757,49,129403.20,854975,428123,5,342766,7,238839,9,212587,12,140496,15,308,49,1,5433112,5344134,88978,5270502,73632,543311200,534413400,534217812,100,100,34.5,253.0,63.1
10678_4#4,"Scaffold: Velvet + Improvement",6433299,40,160832.48,623206,493810,6,356492,8,257090,10,208218,13,110858,18,574,40,0,4770854,4763698,7156,4770854,,477085400,476369800,474875730,100,100,34.5,253.9,60.5
10678_4#5,"Scaffold: Velvet + Improvement",6804817,49,138873.82,664135,298052,8,265045,10,228350,13,165426,16,92056,22,490,49,3,5006380,4999461,6919,5006380,,500638000,499946100,498446526,100,100,34.5,259.2,71.0
10678_4#6,"Scaffold: Velvet + Improvement",6868544,73,94089.64,704692,211085,10,184596,13,143522,17,115548,23,59737,31,318,73,27,5507802,5500300,7502,5507802,,550780200,550030000,548401761,100,100,34.5,245.4,60.0
10678_4#7,"Scaffold: Velvet + Improvement",6812915,99,68817.32,636040,196464,10,175473,14,154135,18,97272,23,59697,32,308,99,5,5680264,5586300,93964,5509098,77202,568026400,558630000,558410654,100,100,34.5,247.8,65.6
10678_4#8,"Scaffold: Velvet + Improvement",6985645,72,97022.85,715094,302822,7,225178,9,201894,13,172265,16,84912,22,395,72,1,5832458,5741055,91403,5665354,75701,583245800,574105500,573906272,100,100,34.5,238.5,61.8
10678_4#9,"Scaffold: Velvet + Improvement",6329468,38,166564.95,909721,508473,5,415414,6,351214,8,213301,10,107207,15,506,38,29,5353322,5265128,88194,5191054,74074,535332200,526512800,526321452,100,100,34.5,258.9,64.9
10678_4#11,"Scaffold: Velvet + Improvement",6798267,63,107909.00,853729,255560,8,231494,11,199027,14,172871,18,111438,23,389,63,12,5454482,5355340,99142,5274944,80396,545448200,535534000,535336124,100,100,34.4,269.9,75.7
10678_4#12,"Scaffold: Velvet + Improvement",6842586,54,126714.56,864839,323005,7,264850,9,234511,12,171182,15,161140,19,356,54,0,5499830,5409275,90555,5333802,75473,549983000,540927500,540728694,100,100,34.5,256.9,65.0
10678_4#13,"Scaffold: Velvet + Improvement",6286498,40,157162.45,914773,699835,4,352359,6,345899,7,276351,9,94897,14,353,40,1,5257164,5249290,7874,5257164,,525716400,524929000,523306887,100,100,34.5,257.8,62.8
10678_4#14,"Scaffold: Velvet + Improvement",6770221,54,125374.46,1524423,466371,5,377596,7,266587,9,201376,12,106340,16,392,54,8,5227322,5142563,84759,5072464,70099,522732200,514256300,514070716,100,100,34.5,253.6,59.2
10678_4#15,"Scaffold: Velvet + Improvement",6695725,97,69028.09,1259962,296979,6,242347,9,185160,12,113743,16,58963,23,314,97,13,5396920,5309114,87806,5235172,73942,539692000,530911400,530719881,100,100,34.5,251.1,62.3
10678_4#16,"Scaffold: Velvet + Improvement",6877456,72,95520.22,791702,272385,7,252066,10,195292,13,149520,17,71097,24,306,72,5,5680858,5575497,105361,5489732,85765,568085800,557549700,557337139,100,100,34.4,274.7,78.7
10678_4#17,"Scaffold: Velvet + Improvement",6554644,53,123672.53,679353,325378,7,240499,9,183784,12,118616,17,106151,22,305,53,1,5512360,5503534,8826,5512360,,551236000,550353400,548629359,100,100,34.5,253.9,61.2
10678_4#18,"Scaffold: Velvet + Improvement",6663022,43,154954.00,678559,429017,6,366583,8,330987,10,209695,12,119066,16,380,43,0,5450530,5442311,8219,5450530,,545053000,544231100,542641022,100,100,34.5,254.9,61.4
10678_4#19,"Scaffold: Velvet + Improvement",7107343,100,71073.43,452585,184459,13,162610,17,120496,22,79398,30,49298,42,324,100,14,5194840,5186242,8598,5194840,,519484000,518624200,516864787,100,100,34.5,261.1,66.8
10678_4#20,"Scaffold: Velvet + Improvement",6510964,29,224516.00,1022087,682305,4,499509,5,390933,7,288552,9,134413,12,338,29,92,5308656,5223558,85098,5152290,71268,530865600,522355800,522170520,100,100,34.5,255.9,63.1
10678_4#21,"Scaffold: Velvet + Improvement",6588965,64,102952.58,586819,285325,8,213435,10,158226,14,111187,19,65904,27,317,64,2,5353640,5263991,89649,5190720,73271,535364000,526399100,526207343,100,100,34.5,252.6,61.8
10678_4#22,"Scaffold: Velvet + Improvement",6481708,37,175181.30,772876,475591,6,451857,7,297122,9,233910,12,93355,16,365,37,1,5572132,5563876,8256,5572132,,557213200,556387600,554718703,100,100,34.5,250.7,60.5
10678_4#23,"Scaffold: Velvet + Improvement",7034424,67,104991.40,1040994,404604,6,336404,8,293291,10,184366,13,109867,17,333,67,6,5731750,5640582,91168,5564416,76166,573175000,564058200,563855542,100,100,34.5,255.5,61.8
10678_4#24,"Scaffold: Velvet + Improvement",6765928,55,123016.87,897971,456473,6,342120,8,234114,10,143993,14,78481,20,344,55,3,5656404,5563922,92482,5485786,78136,565640400,556392200,556188654,100,100,34.5,258.1,62.7
10678_4#25,"Scaffold: Velvet + Improvement",7107017,104,68336.70,654714,199852,12,178180,16,123743,21,92314,27,47203,38,369,104,5,4935964,4854617,81347,4787020,67597,493596400,485461700,485286259,100,100,34.5,255.4,61.8
10678_4#26,"Scaffold: Velvet + Improvement",6694967,53,126320.13,662588,339968,8,278759,10,225216,12,143087,16,61801,23,346,53,0,5186638,5098477,88161,5026850,71627,518663800,509847700,509662766,100,100,34.5,252.8,61.0
10678_4#27,"Scaffold: Velvet + Improvement",7042056,65,108339.32,674750,299317,8,279376,10,181602,13,129456,18,77856,25,305,65,0,5366814,5279129,87685,5207182,71947,536681400,527912900,527725830,100,100,34.5,250.9,59.9
10678_4#28,"Scaffold: Velvet + Improvement",6874173,79,87014.85,1221037,268329,7,212582,10,163763,14,137388,18,82290,25,306,79,10,5196760,5188957,7803,5196760,,519676000,518895700,517248580,100,100,34.5,256.3,63.3
10678_4#29,"Scaffold: Velvet + Improvement",6243637,28,222987.04,1050441,437692,5,393167,6,351264,8,337486,10,214508,12,646,28,12,5124908,5117131,7777,5124908,,512490800,511713100,510125946,100,100,34.5,261.0,66.6
10678_4#30,"Scaffold: Velvet + Improvement",6273653,40,156841.33,847870,490066,5,485672,6,391218,7,205821,10,147464,13,348,40,4,5170752,5163712,7040,5170752,,517075200,516371200,514818441,100,100,34.5,258.2,62.5
10678_4#31,"Scaffold: Velvet + Improvement",6921064,87,79552.46,773256,232923,9,190743,12,161246,16,119498,21,50914,29,302,87,0,5981062,5884503,96559,5981062,,598106200,588450300,586176875,100,100,34.5,253.1,60.7
10678_4#32,"Scaffold: Velvet + Improvement",6742795,70,96325.64,853287,260248,8,228529,10,198029,13,163364,17,79209,23,350,70,2,5977058,5967484,9574,5977058,,597705800,596748400,594945633,100,100,34.5,247.5,63.0
10678_4#33,"Scaffold: Velvet + Improvement",6766358,52,130122.27,820913,427994,5,338133,7,258390,9,240732,12,91308,16,315,52,0,5041498,5034541,6957,5041498,,504149800,503454100,502007456,100,100,34.5,252.3,61.3
10678_4#34,"Scaffold: Velvet + Improvement",7001530,51,137284.90,697011,377165,7,280674,9,210180,12,162309,16,86498,23,349,51,9,5003120,4992636,10484,5003120,,500312000,499263600,497724670,100,100,34.5,256.1,63.5
10678_4#35,"Scaffold: Velvet + Improvement",6644445,42,158201.07,898359,417101,7,290147,9,242179,11,215160,14,86774,19,408,42,7,5679386,5589660,89726,5514486,75174,567938600,558966000,558762413,100,100,34.5,256.2,63.4
10678_4#36,"Scaffold: Velvet + Improvement",6838068,79,86557.82,645968,275966,8,214258,11,177344,14,123761,19,59914,27,311,79,2,5636076,5628126,7950,5636076,,563607600,562812600,561013144,100,100,34.4,267.1,73.7
10678_4#37,"Scaffold: Velvet + Improvement",7384237,106,69662.61,627472,219966,10,168481,14,142708,18,119713,24,56336,33,316,106,26,5728964,5620642,108322,5536794,83848,572896400,562064200,561852289,100,100,34.5,259.8,64.4
10678_4#38,"Scaffold: Velvet + Improvement",6971977,29,240413.00,777746,471175,6,370079,8,366846,9,265946,12,139156,15,338,29,0,5779462,5682969,96493,5604394,78575,577946200,568296900,568089461,100,100,34.5,255.5,61.0
10678_4#39,"Scaffold: Velvet + Improvement",6809961,96,70937.09,680276,216159,9,194989,12,127385,17,90600,23,59239,31,332,96,1,5714274,5620025,94249,5541870,78155,571427400,562002500,561799404,100,100,34.5,255.3,62.3
10678_4#40,"Scaffold: Velvet + Improvement",6652556,55,120955.56,849846,422619,6,255566,8,161380,12,134891,16,96449,22,302,55,10,6267818,6258670,9148,6267818,,626781800,625867000,623978993,100,100,34.5,261.1,66.1
10678_4#41,"Scaffold: Velvet + Improvement",6967842,75,92904.56,727939,394875,7,331912,9,204811,12,152199,16,106048,21,324,75,12,4841290,4755619,85671,4686370,69249,484129000,475561900,475388770,100,100,34.5,256.1,61.4
10678_4#42,"Scaffold: Velvet + Improvement",6334285,48,131964.27,1078241,664696,4,391765,6,377389,7,195591,10,109921,14,319,48,3,5118804,5033615,85189,4962796,70819,511880400,503361500,503176983,100,100,34.5,254.5,60.3
10678_4#43,"Scaffold: Velvet + Improvement",6452684,50,129053.68,775537,421185,6,403882,8,227791,10,191314,13,113794,18,318,50,1,5315018,5229146,85872,5158054,71092,531501800,522914600,522724295,100,100,34.5,260.4,65.2
10678_4#44,"Scaffold: Velvet + Improvement",6374331,59,108039.51,811875,357542,7,273190,9,211144,12,151635,15,88995,21,347,59,5,5374140,5285116,89024,5211142,73974,537414000,528511600,528316225,100,100,34.5,256.9,66.4
10678_4#45,"Scaffold: Velvet + Improvement",6689842,68,98380.03,794125,232807,9,202902,12,166185,16,132092,21,83827,27,458,68,1,5240902,5155787,85115,5085138,70649,524090200,515578700,515389430,100,100,34.5,254.0,59.9
10678_4#46,"Scaffold: Velvet + Improvement",6819559,62,109992.89,1256400,260002,7,211464,9,126584,14,115215,19,72705,27,311,62,1,5673562,5583456,90106,5508198,75258,567356200,558345600,558146498,100,100,34.5,249.2,59.8
10678_4#47,"Scaffold: Velvet + Improvement",6806422,52,130892.73,1345111,341660,6,237719,9,195027,12,140293,16,106340,21,344,52,1,5804158,5709632,94526,5631048,78584,580415800,570963200,570759534,100,100,34.5,247.8,60.6
10678_4#49,"Scaffold: Velvet + Improvement",7097870,84,84498.45,970164,477282,6,222165,9,172178,12,138123,17,71465,24,324,84,1,4487652,4405518,82134,4340672,64846,448765200,440551800,440394288,100,100,34.5,253.7,61.6
10678_4#50,"Scaffold: Velvet + Improvement",6408923,57,112437.25,664368,292473,8,213461,10,205302,13,124277,17,89498,23,386,57,0,5473958,5383477,90481,5308942,74535,547395800,538347700,538150243,100,100,34.5,253.0,60.8
10678_4#51,"Scaffold: Velvet + Improvement",7181892,55,130579.85,949030,274605,7,232852,10,189040,13,143267,18,88391,24,322,55,0,5426172,5335719,90453,5261988,73731,542617200,533571900,533377890,100,100,34.5,251.5,60.8
10678_4#52,"Scaffold: Velvet + Improvement",6379556,28,227841.29,1026030,600855,4,477795,5,351943,7,274961,9,139745,12,655,28,1,4545274,4470570,74704,4409248,61322,454527400,447057000,446894875,100,100,34.5,254.4,61.6
10678_4#53,"Scaffold: Velvet + Improvement",6504969,39,166794.08,1199815,601826,4,456079,6,287781,7,286504,9,198248,12,330,39,0,5123322,5037932,85390,4966692,71240,512332200,503793200,503606674,100,100,34.5,257.8,64.9
10678_4#54,"Scaffold: Velvet + Improvement",6606976,48,137645.33,1103896,377597,6,341424,8,260916,10,208695,13,85545,17,377,48,9,5339334,5243691,95643,5166300,77391,533933400,524369100,524172073,100,100,34.5,262.1,67.3
10678_4#55,"Scaffold: Velvet + Improvement",6892696,59,116825.36,782459,263986,8,246303,11,209460,14,116014,18,58824,26,311,59,48,5585938,5577622,8316,5585938,,558593800,557762200,556041837,100,100,34.5,256.8,63.7
10678_4#56,"Scaffold: Velvet + Improvement",6533702,53,123277.40,888981,269960,7,263524,9,261423,11,136194,15,91779,21,512,53,161,6258794,6152186,106608,6065080,87106,625879400,615218600,614992870,100,100,34.5,257.5,63.3
10678_4#58,"Scaffold: Velvet + Improvement",6523344,54,120802.67,697213,427446,6,321225,8,235919,11,169661,14,91697,19,305,54,19,5228410,5141136,87274,5070350,70786,522841000,514113600,513929338,100,100,34.5,245.0,62.3
10678_4#59,"Scaffold: Velvet + Improvement",6956399,77,90342.84,901221,462838,5,395887,7,307018,9,198352,12,108921,17,356,77,2,6050742,5950328,100414,5867236,83092,605074200,595032800,594815656,100,100,34.5,254.6,63.3
10678_4#60,"Scaffold: Velvet + Improvement",6323787,38,166415.45,1443516,513005,4,456618,5,316852,7,199522,9,132754,13,314,38,0,5107102,5023968,83134,4954484,69484,510710200,502396800,502212145,100,100,34.5,255.8,64.5
10678_4#61,"Scaffold: Velvet + Improvement",6648180,35,189948.00,685923,378098,7,339019,9,263883,11,185350,14,115576,20,357,35,13,5534730,5526684,8046,5534730,,553473000,552668400,550959731,100,100,34.5,259.7,66.1
10678_4#62,"Scaffold: Velvet + Improvement",6672881,36,185357.81,802333,376141,6,293935,8,204790,11,185509,14,101367,19,533,36,10,5905014,5896709,8305,5905014,,590501400,589670900,587903133,100,100,34.5,253.8,60.1
10678_4#63,"Scaffold: Velvet + Improvement",6671422,57,117042.49,650664,260542,8,211128,11,170125,15,139374,19,106334,24,416,57,0,6092924,5996568,96356,5915170,81398,609292400,599656800,599437252,100,100,34.5,256.0,62.5
10678_4#64,"Scaffold: Velvet + Improvement",6717084,63,106620.38,849848,303013,7,255567,9,228079,12,147663,16,91728,22,319,63,51,6177118,6168807,8311,6177118,,617711800,616880700,614989765,100,100,34.5,251.3,65.0
10678_4#65,"Scaffold: Velvet + Improvement",6840331,34,201186.21,926906,552060,5,465464,6,265319,8,204994,11,108956,15,311,34,45,5333918,5246210,87708,5173964,72246,533391800,524621000,524433123,100,100,34.5,253.6,60.1
10678_4#66,"Scaffold: Velvet + Improvement",6555466,45,145677.02,946090,420930,5,366150,7,252735,9,200712,11,106484,16,300,45,1,4957048,4936406,20642,4957048,,495704800,493640600,492113537,100,100,34.5,245.5,61.1
10678_4#67,"Scaffold: Velvet + Improvement",6745473,47,143520.70,790802,388974,6,312284,8,228505,11,163361,15,87568,20,346,47,15,5412132,5405378,6754,5412132,,541213200,540537800,538798881,100,100,34.4,264.2,67.6
10678_4#68,"Scaffold: Velvet + Improvement",6428585,45,142857.44,937070,554097,5,376523,6,266032,9,210289,11,135659,15,329,45,14,5014708,5007887,6821,5014708,,501470800,500788700,499272673,100,100,34.5,254.6,63.5
10678_4#69,"Scaffold: Velvet + Improvement",6327455,40,158186.38,805004,330513,7,314426,8,265793,11,211011,13,147190,17,391,40,0,5191464,5008585,182879,4936310,72275,519146400,500858500,500668826,100,100,34.5,257.0,65.2
10678_4#70,"Scaffold: Velvet + Improvement",6359886,46,138258.39,1077468,426557,5,387486,7,373973,8,208526,11,103277,15,342,46,0,5369644,5361994,7650,5369644,,536964400,536199400,534582767,100,100,34.5,259.3,68.1
10678_4#71,"Scaffold: Velvet + Improvement",6714731,83,80900.37,972193,410648,6,328594,8,254021,10,190527,13,90269,19,360,83,2,6065648,5965745,99903,5882506,83239,606564800,596574500,596361058,100,100,34.5,258.5,63.2
10678_4#72,"Scaffold: Velvet + Improvement",6959017,56,124268.16,962147,565284,5,445508,7,403694,8,270030,10,101866,15,326,56,2,5727612,5716112,11500,5727612,,572761200,571611200,569812967,100,100,34.5,254.7,65.7
10678_4#73,"Scaffold: Velvet + Improvement",6491461,32,202858.16,980604,408248,6,339983,8,310869,10,249596,12,122762,16,333,32,7,5100214,5002413,97801,4932276,70137,510021400,500241300,500060568,100,100,34.5,255.4,62.0
10678_4#74,"Scaffold: Velvet + Improvement",6706576,66,101614.79,875982,290720,6,255559,9,180244,12,126117,16,85337,22,310,66,2,5036624,4951312,85312,4884078,67234,503662400,495131200,494951032,100,100,34.5,256.0,64.6
10678_4#75,"Scaffold: Velvet + Improvement",6956502,88,79051.16,625689,207613,10,179100,13,139354,18,119456,23,54092,31,307,88,1,5337694,5249609,88085,5179502,70107,533769400,524960900,524769773,100,100,34.5,248.6,64.4
10812_1#1,"Scaffold: Velvet + Improvement",6671655,60,111194.25,788457,335389,7,253040,9,211554,12,189042,15,92776,21,303,60,3,5341186,5289564,51622,5243168,46396,534118600,528956400,528890577,100,100,35.1,282.1,66.9
10812_1#2,"Scaffold: Velvet + Improvement",6940092,126,55080.10,587539,203940,11,176208,15,150939,19,127077,24,49353,31,340,126,15,4969676,4962350,7326,4969676,,496967600,496235000,495235914,100,100,35.1,284.0,66.4
10812_1#3,"Scaffold: Velvet + Improvement",6865155,97,70774.79,696177,296395,7,258483,10,211675,13,176022,16,62855,22,310,97,11,5320410,5263058,57352,5212296,50762,532041000,526305800,526237380,100,100,35.1,286.3,68.4
10812_1#4,"Scaffold: Velvet + Improvement",6317014,27,233963.48,1287636,584099,4,539459,5,390919,6,344865,8,114542,11,723,27,0,4856676,4846484,10192,4856676,,485667600,484648400,483696636,100,100,35.1,290.3,70.6
10812_1#6,"Scaffold: Velvet + Improvement",6357958,45,141287.96,848520,476401,5,350012,7,230389,10,213913,12,121109,16,305,45,38,5830934,5825369,5565,5830934,,583093400,582536900,581482600,100,100,35.1,284.3,68.6
10812_1#7,"Scaffold: Velvet + Improvement",7022019,50,140440.38,1164547,621769,5,494305,6,239229,8,157213,12,85512,17,304,50,147,4745392,4697960,47432,4654978,42982,474539200,469796000,469719701,100,100,35.1,279.4,66.8
10812_1#8,"Scaffold: Velvet + Improvement",7023462,55,127699.31,1021075,354663,7,222362,9,187082,13,137629,17,71125,23,326,55,55,5115482,5061181,54301,5014064,47117,511548200,506118100,506057197,100,100,35.1,274.5,64.9
10812_1#9,"Scaffold: Velvet + Improvement",6920557,65,106470.11,1041557,418273,6,289041,8,244121,11,115105,16,67923,23,548,65,2,3712654,3670710,41944,3634436,36274,371265400,367071000,367024590,100,100,35.1,275.5,66.9
10812_1#10,"Scaffold: Velvet + Improvement",6729589,74,90940.39,775463,322872,7,228213,10,196172,13,109588,17,70486,24,317,74,2,3868402,3861449,6953,3868402,,386840200,386144900,385357868,100,100,35.1,273.8,67.4
10812_1#11,"Scaffold: Velvet + Improvement",6859134,55,124711.53,695972,408464,7,359945,9,184898,12,177485,15,84958,21,504,55,5,3437876,3398277,39599,3362794,35483,343787600,339827700,339783432,100,100,35.1,281.6,65.8
10812_1#12,"Scaffold: Velvet + Improvement",6789284,93,73003.05,623808,258247,9,208591,12,173066,15,97116,21,59633,29,367,93,87,3237320,3215216,22104,3237320,,323732000,321521600,320719950,100,100,35.1,298.9,79.4
10812_1#13,"Scaffold: Velvet + Improvement",6863523,137,50098.71,580427,258399,9,211158,12,135051,16,84272,22,51280,32,304,137,3,2916384,2872476,43908,2839464,33012,291638400,287247600,287205531,100,100,35.1,294.4,74.4
10812_1#14,"Scaffold: Velvet + Improvement",6890464,110,62640.58,792307,247581,10,201359,13,182525,16,116038,21,51782,30,315,110,113,2959876,2922143,37733,2891836,30307,295987600,292214300,292174687,100,100,35.1,282.1,67.6
10812_1#15,"Scaffold: Velvet + Improvement",6843598,145,47197.23,790789,250574,9,213666,12,151117,16,102338,21,61162,30,301,145,62,3484024,3471255,12769,3484024,,348402400,347125500,346244257,100,100,35.1,284.9,70.0
10812_1#16,"Scaffold: Velvet + Improvement",6897079,57,121001.39,695969,303379,8,266996,10,188956,14,177441,17,85409,23,304,57,4,3246632,3212547,34085,3181992,30555,324663200,321254700,321213901,100,100,35.1,279.6,66.7
10812_1#17,"Scaffold: Velvet + Improvement",7050652,59,119502.58,1160322,358527,6,296435,8,206337,11,174925,15,77883,21,308,59,10,2964170,2960056,4114,2964170,,296417000,296005600,295410741,100,100,35.1,280.9,66.4
10812_1#18,"Scaffold: Velvet + Improvement",6985172,80,87314.65,1196674,408451,6,267432,8,219025,11,178667,14,84945,20,316,80,52,3024242,2989436,34806,2958890,30546,302424200,298943600,298904111,100,100,35.1,281.3,66.7
10812_1#19,"Scaffold: Velvet + Improvement",6855577,53,129350.51,715104,484530,6,303380,8,249786,10,138463,14,84956,20,314,53,31,3115838,3079027,36811,3048110,30917,311583800,307902700,307862291,100,100,35.1,284.2,67.9
10812_1#20,"Scaffold: Velvet + Improvement",7184605,132,54428.83,628806,220492,9,191691,13,183398,16,128206,22,61789,29,301,132,105,2775828,2731626,44202,2700384,31242,277582800,273162600,273120978,100,100,35.1,285.9,75.0
10812_1#21,"Scaffold: Velvet + Improvement",6625637,72,92022.74,1462594,387333,5,350141,7,266251,9,240975,12,72210,17,319,72,142,3048356,3045147,3209,3048356,,304835600,304514700,303905298,100,100,35.1,282.7,72.4
10812_1#22,"Scaffold: Velvet + Improvement",6805385,81,84017.10,567666,306351,8,189631,12,173283,15,103142,21,62486,29,307,81,2,3387042,3352063,34979,3320798,31265,338704200,335206300,335163503,100,100,35.1,280.3,64.8
10812_1#23,"Scaffold: Velvet + Improvement",6998803,80,87485.04,810220,356842,7,318975,9,196348,12,114631,17,87266,24,378,80,1,3568804,3562794,6010,3568804,,356880400,356279400,355552586,100,100,35.1,278.8,64.4
10812_1#24,"Scaffold: Velvet + Improvement",6867689,59,116401.51,622585,359665,7,307636,9,269293,12,202931,15,137023,19,336,59,4,3323506,3289509,33997,3258768,30741,332350600,328950900,328908900,100,100,35.1,280.6,66.3
10812_1#25,"Scaffold: Velvet + Improvement",6894078,60,114901.30,707676,341871,7,207661,9,183896,13,136957,17,84962,23,344,60,208,2763964,2733675,30289,2706874,26801,276396400,273367500,273331906,100,100,35.1,276.3,64.6
10812_1#26,"Scaffold: Velvet + Improvement",6894424,58,118869.38,728714,309819,7,301472,9,198444,12,185203,15,85398,21,398,58,107,3218074,3177177,40897,3144620,32557,321807400,317717700,317675343,100,100,35.1,294.5,77.2
10812_1#27,"Scaffold: Velvet + Improvement",7187513,136,52849.36,629560,249567,9,202948,12,137608,16,116185,22,49139,31,302,136,17,3377830,3332464,45366,3294826,37638,337783000,333246400,333201048,100,100,35.1,282.5,72.8
10812_1#28,"Scaffold: Velvet + Improvement",6900052,68,101471.35,628800,311009,8,233977,10,189579,13,135936,18,60524,25,305,68,0,3050104,3010293,39811,2978436,31857,305010400,301029300,300988719,100,100,35.1,297.1,75.5
10812_1#29,"Scaffold: Velvet + Improvement",6849831,87,78733.69,807513,264589,9,194006,12,120459,16,93052,23,55190,33,320,87,112,2987808,2983568,4240,2987808,,298780800,298356800,297728354,100,100,35.1,286.7,75.9
10812_1#30,"Scaffold: Velvet + Improvement",6789747,81,83824.04,604766,449911,7,374120,9,349591,10,201356,13,68719,18,311,81,15,3156862,3142508,14354,3156862,,315686200,314250800,313484564,100,100,35.1,277.7,65.3
10812_1#31,"Scaffold: Velvet + Improvement",6867156,87,78932.83,902083,344786,6,236121,9,172364,12,129223,17,59537,24,319,87,3,3195250,3191166,4084,3195250,,319525000,319116600,318485901,100,100,35.1,277.3,63.4
10812_1#32,"Scaffold: Velvet + Improvement",6577698,76,86548.66,569601,334621,8,234442,10,205051,13,130112,17,64141,24,174,76,9,3182418,3149423,32995,3120156,29267,318241800,314942300,314902494,100,100,35.1,278.7,64.2
10812_1#33,"Scaffold: Velvet + Improvement",6973666,114,61172.51,453849,223647,10,200329,14,162337,18,126744,22,52768,31,312,114,2,2641274,2634918,6356,2641274,,264127400,263491800,262879222,100,100,35.1,286.2,72.5
10812_1#34,"Scaffold: Velvet + Improvement",6826799,85,80315.28,588548,244982,9,207170,12,158425,15,120283,20,63742,28,311,85,53,3147694,3103349,44345,3071816,31533,314769400,310334900,310290187,100,100,35.1,294.6,74.1
10812_1#35,"Scaffold: Velvet + Improvement",6662326,62,107456.87,863710,243727,7,209621,10,153813,14,127568,18,57562,27,319,62,0,3247776,3201425,46351,3165500,35925,324777600,320142500,320096880,100,100,35.1,294.1,77.0
10812_1#37,"Scaffold: Velvet + Improvement",6816047,54,126223.09,679955,484505,7,408449,8,248462,10,204413,13,118730,18,364,54,3,2661198,2658596,2602,2661198,,266119800,265859600,265306835,100,100,35.1,284.7,69.1
10812_1#38,"Scaffold: Velvet + Improvement",6589763,64,102965.05,800581,409566,6,260461,9,190035,12,142428,15,71242,22,306,64,20,3099028,3063023,36005,3031802,31221,309902800,306302300,306263173,100,100,35.1,292.1,75.5
10812_1#39,"Scaffold: Velvet + Improvement",6745564,113,59695.26,783035,259255,8,211264,11,164371,15,92281,20,60979,29,303,113,100,2565152,2536296,28856,2511004,25292,256515200,253629600,253596196,100,100,35.1,276.7,68.1
10812_1#40,"Scaffold: Velvet + Improvement",6875283,57,120619.00,829908,319577,6,295941,8,214702,11,173917,14,110621,19,315,57,67,3114606,3080754,33852,3052168,28586,311460600,308075400,308037142,100,100,35.1,287.7,69.2
10812_1#41,"Scaffold: Velvet + Improvement",6959210,58,119986.38,696107,266999,8,239782,10,189050,14,137608,18,87400,24,443,58,146,2561588,2533742,27846,2508918,24824,256158800,253374200,253341916,100,100,35.1,275.3,65.5
10812_1#42,"Scaffold: Velvet + Improvement",6432614,40,160815.35,749945,424700,6,419965,7,320063,9,211199,12,161114,15,301,40,14,2987364,2956525,30839,2928738,27787,298736400,295652500,295616081,100,100,35.1,280.8,66.1
10812_1#43,"Scaffold: Velvet + Improvement",6877284,42,163744.86,1073768,412812,5,293963,7,267894,9,177219,13,89335,18,347,42,260,3389456,3348257,41199,3313156,35101,338945600,334825700,334783227,100,100,35.1,286.8,75.3
10812_1#44,"Scaffold: Velvet + Improvement",6381326,34,187686.06,1920413,510060,3,487198,4,271255,6,199104,9,108539,13,331,34,1,3033806,3030772,3034,3033806,,303380600,303077200,302499211,100,100,35.1,301.4,80.2
10812_1#45,"Scaffold: Velvet + Improvement",6802374,92,73938.85,477282,218022,12,195835,15,124946,20,88749,26,57643,35,362,92,76,3361856,3357958,3898,3361856,,336185600,335795800,335084067,100,100,35.1,288.6,80.8
10812_1#46,"Scaffold: Velvet + Improvement",6634585,71,93444.86,617637,247584,8,214315,11,199416,14,158719,18,62824,25,315,71,26,2915418,2911194,4224,2915418,,291541800,291119400,290546299,100,100,35.1,286.6,71.6
10812_1#47,"Scaffold: Velvet + Improvement",6861360,69,99440.00,695680,268751,7,189169,10,155094,14,134976,18,75289,25,304,69,0,2832596,2796571,36025,2766122,30449,283259600,279657100,279620247,100,100,35.1,286.9,67.4
10812_1#48,"Scaffold: Velvet + Improvement",7048466,67,105200.99,1081430,395116,6,219024,9,183829,12,137608,17,85398,23,385,67,4,3093184,3059249,33935,3029202,30047,309318400,305924900,305886917,100,100,35.1,291.2,68.5
10812_1#49,"Scaffold: Velvet + Improvement",7155270,130,55040.54,606000,194188,12,164779,16,102315,22,72667,30,34123,43,350,130,1,2793674,2789199,4475,2793674,,279367400,278919900,278330470,100,100,35.1,290.9,73.2
10812_1#50,"Scaffold: Velvet + Improvement",6384684,53,120465.74,887951,529941,5,315394,7,260535,9,254716,11,106077,16,313,53,2,2935086,2899866,35220,2868794,31072,293508600,289986600,289947452,100,100,35.0,307.3,82.1
10812_1#51,"Scaffold: Velvet + Improvement",6661543,63,105738.78,617634,326721,8,269050,10,232304,12,165328,16,80197,21,322,63,45,2873864,2842824,31040,2815250,27574,287386400,284282400,284247121,100,100,35.1,292.0,73.7
10812_1#52,"Scaffold: Velvet + Improvement",7047303,75,93964.04,628652,207815,10,188548,13,156156,17,132712,22,84965,29,345,75,56,2872608,2836051,36557,2804890,31161,287260800,283605100,283566320,100,100,35.1,291.6,78.3
10812_1#53,"Scaffold: Velvet + Improvement",6596667,36,183240.75,776415,485882,6,375154,7,351471,9,297374,11,204039,13,409,36,173,3027774,2990125,37649,2957176,32949,302777400,299012500,298974403,100,100,35.1,285.0,74.7
10812_1#54,"Scaffold: Velvet + Improvement",6850169,62,110486.60,885300,404534,5,351010,7,248143,10,173190,13,86977,19,367,62,55,3150612,3114613,35999,3082832,31781,315061200,311461300,311420155,100,100,35.1,289.2,68.9
10812_1#55,"Scaffold: Velvet + Improvement",6516242,48,135755.04,682690,349727,7,258088,9,221613,11,157795,15,79785,20,324,48,0,2935128,2905155,29973,2878708,26447,293512800,290515500,290479275,100,100,35.1,279.1,64.3
10812_1#56,"Scaffold: Velvet + Improvement",6898999,67,102970.13,685017,268529,9,238094,12,188548,15,133143,19,84965,25,304,67,3,3055118,3019384,35734,2988760,30624,305511800,301938400,301900665,100,100,35.1,281.1,65.1
10812_1#57,"Scaffold: Velvet + Improvement",6773661,94,72060.22,1189137,248893,6,202683,9,178289,13,139240,17,78326,23,305,94,0,2899312,2861564,37748,2830454,31110,289931200,286156400,286118450,100,100,35.1,284.6,74.3
10812_1#58,"Scaffold: Velvet + Improvement",6943790,70,99197.00,949121,462825,5,282464,7,232953,10,162547,14,90711,19,322,70,13,3035184,3000964,34220,2970986,29978,303518400,300096400,300058381,100,100,35.1,294.8,75.7
10812_1#59,"Scaffold: Velvet + Improvement",6594089,65,101447.52,791911,326385,7,227012,10,200373,13,169673,17,64897,23,460,65,4,2727498,2722923,4575,2727498,,272749800,272292300,271678219,100,100,35.1,294.6,83.8
10812_1#60,"Scaffold: Velvet + Improvement",6780858,92,73704.98,584716,217795,12,208061,15,133569,19,93725,25,68359,33,303,92,35,2901038,2897719,3319,2901038,,290103800,289771900,289236385,100,100,35.1,291.1,72.2
10812_1#61,"Scaffold: Velvet + Improvement",6272639,33,190079.97,1019216,425764,5,395268,7,336500,8,303303,10,106283,14,338,33,69,2852948,2820454,32494,2791554,28900,285294800,282045400,282010479,100,100,35.0,312.8,89.9
10812_1#62,"Scaffold: Velvet + Improvement",6921679,88,78655.44,897563,206451,10,196016,13,156161,17,136659,21,54189,30,305,88,84,2878364,2872710,5654,2878364,,287836400,287271000,286634460,100,100,35.0,288.1,70.5
10812_1#63,"Scaffold: Velvet + Improvement",6662206,58,114865.62,718164,330810,7,207306,10,193325,13,143214,17,79865,23,315,58,21,2730090,2726904,3186,2730090,,273009000,272690400,272125689,100,100,35.1,275.9,68.4
10812_1#64,"Scaffold: Velvet + Improvement",6205042,29,213966.97,1023790,536762,4,386535,6,282528,7,258079,10,107153,14,357,29,2,3075960,3043819,32141,3015032,28787,307596000,304381900,304344669,100,100,35.1,292.2,70.9
10812_1#65,"Scaffold: Velvet + Improvement",6349415,52,122104.13,680152,415874,6,369696,8,260828,10,250918,12,112654,16,307,52,8,3087872,3084387,3485,3087872,,308787200,308438700,307877484,100,100,35.1,290.5,76.5
10812_1#66,"Scaffold: Velvet + Improvement",7068032,58,121862.62,703289,296463,8,280127,10,196085,13,134025,18,80033,24,348,58,102,3296820,3258864,37956,3226304,32560,329682000,325886400,325844437,100,100,35.1,282.9,70.7
10812_1#67,"Scaffold: Velvet + Improvement",6534906,77,84868.91,566903,352343,7,216490,10,206662,13,133011,17,68031,23,301,77,76,3087658,3024197,63461,2987952,36245,308765800,302419700,302360390,100,100,35.1,313.9,84.0
10812_1#68,"Scaffold: Velvet + Improvement",6904562,34,203075.35,1036516,560990,5,529572,6,329744,8,221821,10,146277,14,320,34,122,3201412,3197785,3627,3201412,,320141200,319778500,319120257,100,100,35.0,297.8,79.2
10812_1#70,"Scaffold: Velvet + Improvement",6224445,21,296402.14,1159381,671334,4,610624,5,491786,6,301254,7,203159,10,318,21,8,3063992,3031905,32087,3003196,28709,306399200,303190500,303152563,100,100,35.1,282.3,73.4
10812_1#71,"Scaffold: Velvet + Improvement",6232805,28,222600.18,1113707,670664,4,413757,6,394174,7,274348,9,159811,12,500,28,1,2756316,2743858,12458,2756316,,275631600,274385800,273836710,100,100,35.1,299.0,81.2
10812_1#73,"Scaffold: Velvet + Improvement",6181994,36,171722.06,1180237,465185,4,410262,6,262875,8,224400,10,120079,14,421,36,43,2984630,2928140,56490,2885748,42392,298463000,292814000,292763116,100,100,35.1,269.0,65.7
10812_1#74,"Scaffold: Velvet + Improvement",6167636,30,205587.87,1169101,466431,4,441989,6,307552,7,264367,10,168388,12,306,30,92,2940730,2859784,80946,2815280,44504,294073000,285978400,285923284,100,100,35.1,283.6,81.5
10812_1#75,"Scaffold: Velvet + Improvement",6140300,33,186069.70,1262015,412814,5,408977,6,279563,8,211664,11,139592,14,322,33,0,2737682,2719148,18534,2737682,,273768200,271914800,270786593,100,100,35.1,284.9,85.7
10812_1#76,"Scaffold: Velvet + Improvement",6873737,73,94160.78,577700,265829,9,240845,11,189144,14,149514,19,75308,26,319,73,14,2723042,2719303,3739,2723042,,272304200,271930300,271301026,100,100,35.1,298.4,83.6
10812_1#77,"Scaffold: Velvet + Improvement",6810219,87,78278.38,626163,222786,10,191160,14,165774,17,101458,23,50707,32,313,87,29,2590450,2586660,3790,2590450,,259045000,258666000,258093765,100,100,35.1,279.1,66.6
10812_1#78,"Scaffold: Velvet + Improvement",6858084,59,116238.71,1082158,371830,6,210076,9,179043,13,136643,17,75250,23,364,59,20,2561674,2532089,29585,2506648,25441,256167400,253208900,253175528,100,100,35.1,277.0,66.5
10812_1#79,"Scaffold: Velvet + Improvement",7094373,90,78826.37,552736,162770,13,140806,18,95979,24,79060,32,44603,43,347,90,18,3160862,3157249,3613,3160862,,316086200,315724900,315131525,100,100,35.1,282.8,68.9
10812_1#80,"Scaffold: Velvet + Improvement",6861827,59,116302.15,689365,303299,8,219021,10,184588,14,154829,18,71454,24,643,59,74,2818522,2815501,3021,2818522,,281852200,281550100,280893378,100,100,35.1,288.5,77.7
10812_1#81,"Scaffold: Velvet + Improvement",7309053,121,60405.40,758497,216251,10,160568,14,113766,19,75663,27,38698,41,351,121,16,3033824,2997375,36449,2966672,30703,303382400,299737500,299695617,100,100,35.1,271.0,73.9
10812_1#82,"Scaffold: Velvet + Improvement",6661605,65,102486.23,617642,327876,8,214334,11,202460,14,165153,18,91735,23,369,65,19,2956098,2919734,36364,2888598,31136,295609800,291973400,291934073,100,100,35.0,302.5,85.0
10812_1#83,"Scaffold: Velvet + Improvement",6779018,59,114898.61,663990,296504,8,234558,11,195711,14,123854,19,67056,26,486,59,0,2858026,2825099,32927,2796596,28503,285802600,282509900,282473548,100,100,35.1,299.1,79.4
28330_2#67,"Scaffold: Velvet + Improvement",6724446,28,240158.79,850315,566263,5,508055,6,393246,8,272145,10,220253,12,312,28,638,3976148,3778060,198088,3611390,166670,600398348,570487060,570108132,151,151,36.8,445.9,99.0
28330_2#69,"Scaffold: Velvet + Improvement",6903383,46,150073.54,920262,572245,5,523463,6,390961,8,246490,10,194582,13,305,46,324,3687604,3465201,222403,3280658,184543,556828204,523245351,522879069,151,151,36.4,450.6,107.9
28330_2#71,"Scaffold: Velvet + Improvement",6542331,33,198252.45,835288,547743,5,364950,7,325871,9,260145,11,148412,14,301,33,394,2983076,2787975,195101,2626296,161679,450444476,420984225,420677765,151,151,36.3,463.9,108.4
28330_2#73,"Scaffold: Velvet + Improvement",6918082,78,88693.36,1206524,227184,8,199381,11,145777,15,111240,21,73774,28,304,78,307,3437148,3235818,201330,3069928,165890,519009348,488608518,488268991,151,151,36.5,445.2,111.7
28330_2#75,"Scaffold: Velvet + Improvement",6349556,26,244213.69,1030710,915121,4,915121,4,660436,5,471371,7,143355,9,350,26,116,3863508,3647559,215949,3471082,176477,583389708,550781409,550407673,151,151,36.6,429.0,107.4
28330_2#77,"Scaffold: Velvet + Improvement",6739830,50,134796.60,1082043,846044,4,588690,5,321902,7,219166,9,114429,13,312,50,473,3550402,3339335,211067,3163884,175451,536110702,504239585,503866166,151,151,36.3,444.8,99.4
28330_2#79,"Scaffold: Velvet + Improvement",6862672,40,171566.80,853506,393278,6,313094,8,255379,10,184183,14,137608,18,331,40,269,3884320,3664648,219672,3481016,183632,586532320,553361848,552971308,151,151,36.5,442.7,101.8
28330_2#81,"Scaffold: Velvet + Improvement",6900856,39,176945.03,993259,781640,4,709750,5,403671,7,303867,9,270058,11,310,39,734,4277148,4061289,215859,3880534,180755,645849348,613254639,612855014,151,151,36.8,431.7,99.3
28330_2#83,"Scaffold: Velvet + Improvement",6467881,26,248764.65,1895044,789511,3,646288,4,516267,5,505759,6,504101,7,326,26,42,3882612,3659871,222741,3476590,183281,586274412,552640521,552256528,151,151,36.5,444.9,106.0
28330_2#85,"Scaffold: Velvet + Improvement",6500547,28,232162.39,2203947,1611690,2,737109,3,737109,3,344555,5,215772,7,303,28,544,3102984,2879399,223585,2697166,182233,468550584,434789249,434448228,151,151,35.9,466.7,110.4
28330_2#87,"Scaffold: Velvet + Improvement",7179741,81,88638.78,696344,269078,9,182707,12,160193,16,114123,22,61346,30,303,81,932,3323132,3124028,199104,2957284,166744,501792932,471728228,471398241,151,151,36.5,462.3,106.7
28330_2#89,"Scaffold: Velvet + Improvement",6594825,39,169098.08,1035910,535857,4,512061,5,459601,7,425853,8,119124,11,313,39,85,3781220,3559085,222135,3375420,183665,570964220,537421835,537039796,151,151,36.4,458.9,105.7
28330_2#91,"Scaffold: Velvet + Improvement",6524134,38,171687.74,1313070,389706,6,333983,7,307864,9,186852,12,97610,16,317,38,102,3229118,3021165,207953,2848724,172441,487596818,456195915,455853428,151,151,36.2,461.3,107.0
28330_2#93,"Scaffold: Velvet + Improvement",6789350,69,98396.38,952383,264407,9,214296,12,185882,15,100576,20,73724,28,317,69,238,4558636,4292255,266381,4098628,193627,688354036,648130505,647699916,151,151,36.8,423.5,102.4
28330_2#95,"Scaffold: Velvet + Improvement",6624407,75,88325.43,637039,280747,9,217078,11,192764,15,136323,18,92744,24,300,75,266,3798588,3582598,215990,3402746,179852,573586788,540972298,540593007,151,151,36.5,453.0,102.2
28330_2#97,"Scaffold: Velvet + Improvement",6578964,45,146199.20,951023,585576,5,555895,6,316822,7,266082,9,98228,13,311,45,1784,4004856,3783592,221264,3598974,184618,604733256,571322392,570920945,151,151,36.5,445.0,100.9
28330_2#99,"Scaffold: Velvet + Improvement",6711849,54,124293.50,1479792,451925,5,393475,6,293058,8,233402,11,124517,14,305,54,1266,3108212,2894913,213299,2718360,176553,469340012,437131863,436795212,151,151,36.1,468.8,110.5
28330_2#101,"Scaffold: Velvet + Improvement",6619371,32,206855.34,1628588,423520,5,416800,6,325451,8,284674,10,239740,13,317,32,545,3820922,3605856,215066,3427502,178354,576959222,544484256,544104505,151,151,36.5,454.0,103.1
28330_2#103,"Scaffold: Velvet + Improvement",6387481,40,159687.02,1586443,506180,5,318869,6,273105,8,207903,11,128062,15,308,40,252,3401118,3183128,217990,3001968,181160,513568818,480652328,480315665,151,151,36.2,462.3,104.9
28330_2#105,"Scaffold: Velvet + Improvement",6327494,18,351527.44,1832917,1361986,2,941772,3,780310,4,470685,5,346850,6,303,18,917,3798678,3582727,215951,3406104,176623,573600378,540991777,540619142,151,151,36.6,443.1,103.3
28330_2#107,"Scaffold: Velvet + Improvement",6465266,31,208556.97,1350739,954691,3,919604,4,558188,5,472410,6,271302,8,165,31,22,3790500,3579646,210854,3404914,174732,572365500,540526546,540153415,151,151,36.6,443.0,101.2
28330_2#109,"Scaffold: Velvet + Improvement",6443968,31,207869.94,1928033,768941,3,728324,4,487211,5,484922,6,212896,8,302,31,341,4410550,4194197,216353,4017780,176417,665993050,633323747,632912133,151,151,36.8,421.4,110.2
28330_2#111,"Scaffold: Velvet + Improvement",7126088,51,139727.22,1081261,478805,5,304057,7,234685,10,172564,13,98901,19,312,51,757,4112048,3903519,208529,3730400,173119,620919248,589431369,589058312,151,151,36.9,429.0,108.0
28330_2#113,"Scaffold: Velvet + Improvement",6294053,29,217036.31,1593617,770975,3,628784,4,490573,5,438136,7,211056,9,309,29,804,3366962,3161358,205604,2992874,168484,508411262,477365058,477025755,151,151,36.4,462.4,106.8
28330_2#115,"Scaffold: Velvet + Improvement",6869063,27,254409.74,1024716,816376,4,479304,5,412139,7,366793,8,205541,11,326,27,521,3657336,3440111,217225,3260414,179697,552257736,519456761,519091773,151,151,36.4,455.4,104.5
28330_2#117,"Scaffold: Velvet + Improvement",6728697,28,240310.61,1343573,1125825,3,1024750,4,451478,5,374115,6,330959,8,341,28,634,3803428,3575276,228152,3387612,187664,574317628,539866676,539476379,151,151,36.4,445.8,103.2
28330_2#119,"Scaffold: Velvet + Improvement",6970205,56,124467.95,1043258,613447,5,346492,6,260986,8,197162,11,161909,15,300,56,711,3465174,3277694,187480,3122666,155028,523241274,494931794,494597623,151,151,36.6,453.2,100.0
28330_2#121,"Scaffold: Velvet + Improvement",6944170,62,112002.74,871909,239278,9,202957,12,168023,16,148732,20,91308,26,302,62,41,3462800,3227083,235717,3037986,189097,522882800,487289533,486916359,151,151,36.1,464.3,107.0
28330_2#123,"Scaffold: Velvet + Improvement",6359164,39,163055.49,784766,415861,6,362841,8,270463,10,180957,13,107292,17,316,39,162,3391336,3174012,217324,2995132,178880,512091736,479275812,478926059,151,151,36.3,460.2,107.3
28330_2#125,"Scaffold: Velvet + Improvement",6724970,55,122272.18,909283,568982,5,354768,7,292920,9,152846,12,108406,17,300,55,931,3441314,3210000,231314,3018974,191026,519638414,484710000,484339476,151,151,36.1,466.8,106.3
28330_2#127,"Scaffold: Velvet + Improvement",6839176,53,129041.06,821427,454463,6,349103,8,255374,10,208389,13,115067,17,311,53,1082,3818486,3622110,196376,3459596,162514,576591386,546938610,546562567,151,151,36.6,435.8,103.5
28330_2#129,"Scaffold: Velvet + Improvement",6535350,29,225356.90,1330638,611000,4,515200,5,482862,6,335159,8,159179,12,305,29,629,3377390,3146335,231055,2957076,189259,509985890,475096585,474745825,151,151,36.2,460.0,108.2
28330_2#131,"Scaffold: Velvet + Improvement",6689955,41,163169.63,1369647,395917,5,384844,6,274624,8,196040,11,132925,16,300,41,454,3491172,3275835,215337,3098468,177367,527166972,494651085,494296864,151,151,36.4,458.9,105.8
28330_2#133,"Scaffold: Velvet + Improvement",7011186,68,103105.68,685129,310286,8,244582,10,209572,13,157145,17,68960,24,305,68,355,3955774,3735895,219879,3552840,183055,597321874,564120145,563729121,151,151,36.5,448.3,102.9
28330_2#135,"Scaffold: Velvet + Improvement",6366187,35,181891.06,1413036,762573,4,762573,4,467074,6,394316,7,303866,9,308,35,1188,4212568,3987092,225476,3803434,183658,636097768,602050892,601630299,151,151,36.6,450.5,99.5
28330_2#137,"Scaffold: Velvet + Improvement",6867803,37,185616.30,1098495,786386,4,632007,5,331826,7,315032,9,235862,11,343,37,442,3807394,3573146,234248,3378788,194358,574916494,539545046,539149218,151,151,36.3,455.9,101.3
28330_2#139,"Scaffold: Velvet + Improvement",6857290,47,145899.79,1666492,435608,5,394215,6,254122,8,180062,11,83278,16,311,47,596,3343720,3141055,202665,2973236,167819,504901720,474299305,473968611,151,151,36.5,454.7,103.1
28330_2#141,"Scaffold: Velvet + Improvement",6567176,25,262687.04,1147436,788322,4,516109,5,505759,6,504097,7,143237,10,407,25,274,3868110,3666807,201303,3501278,165529,584084610,553687857,553318925,151,151,36.7,437.2,101.2
28330_2#144,"Scaffold: Velvet + Improvement",6868601,63,109025.41,1040275,320462,7,244301,10,143347,13,106685,19,72985,26,308,63,453,3943350,3728026,215324,3549526,178500,595445850,562931926,562553141,151,151,36.6,434.6,104.0
28330_2#146,"Scaffold: Velvet + Improvement",6720092,38,176844.53,1086784,501881,5,437365,6,352839,8,323411,9,148476,13,300,38,132,3522188,3314378,207810,3142572,171806,531850388,500471078,500111357,151,151,36.4,449.0,102.8
28330_2#148,"Scaffold: Velvet + Improvement",6754660,50,135093.20,602006,409374,7,350503,9,289461,11,232358,14,182374,17,304,50,352,3630170,3431764,198406,3266566,165198,548155670,518196364,517834929,151,151,36.5,447.5,100.7
28330_2#150,"Scaffold: Velvet + Improvement",7152472,52,137547.54,1248506,370303,6,354584,8,263557,11,183781,14,113979,19,307,52,91,3557408,3350411,206997,3178308,172103,537168608,505912061,505560557,151,151,36.5,446.9,105.5
28330_2#152,"Scaffold: Velvet + Improvement",6691551,49,136562.27,642592,388467,7,303002,9,235493,11,204514,14,163018,18,305,49,146,3639290,3413709,225581,3225084,188625,549532790,515470059,515105795,151,151,36.4,456.2,104.1
28330_2#154,"Scaffold: Velvet + Improvement",6732262,42,160291.95,1374895,532750,4,423366,6,336416,7,168960,10,119903,14,310,42,83,4102804,3893314,209490,3720962,172352,619523404,587890414,587494923,151,151,36.7,436.4,101.2
28330_2#156,"Scaffold: Velvet + Improvement",7332556,75,97767.41,925338,369569,7,294434,9,225597,12,151637,17,106523,22,305,75,1146,3362684,3160229,202455,2992232,167997,507765284,477194579,476868952,151,151,36.5,453.3,105.2
28330_2#158,"Scaffold: Velvet + Improvement",6592839,57,115663.84,867534,470960,5,202731,8,170567,11,111967,16,69159,24,318,57,21,4138846,3930769,208077,3758338,172431,624965746,593546119,593155833,151,151,36.8,427.4,100.5
28330_2#160,"Scaffold: Velvet + Improvement",6501079,18,361171.06,1470551,938917,3,775294,4,745263,5,427227,6,269443,8,317,18,145,3549664,3350601,199063,3186214,164387,535999264,505940751,505568342,151,151,36.3,430.7,97.4
28330_2#162,"Scaffold: Velvet + Improvement",6968655,47,148269.26,1045036,516650,5,414212,6,388831,8,333718,10,106561,13,366,47,738,3580708,3360541,220167,3178100,182441,540686908,507441691,507092968,151,151,36.5,453.2,106.0
28330_2#164,"Scaffold: Velvet + Improvement",6379143,27,236264.56,2023199,534863,3,507206,5,478530,6,420693,7,114589,10,302,27,772,3746240,3531844,214396,3351918,179926,565682240,533308444,532937073,151,151,36.5,445.8,101.8
28330_2#166,"Scaffold: Velvet + Improvement",6689495,26,257288.27,959815,572782,5,512123,6,457297,7,332704,9,246390,11,313,26,14,4131110,3910824,220286,3728622,182202,623797610,590534424,590132849,151,151,36.6,435.2,103.3
28330_2#168,"Scaffold: Velvet + Improvement",6547258,24,272802.42,1976714,747309,3,542417,4,515298,5,504131,6,308069,8,350,24,252,4751808,4510719,241089,4312238,198481,717523008,681118569,680671038,151,151,36.8,433.8,100.3
28330_2#170,"Scaffold: Velvet + Improvement",7085128,35,202432.23,1804247,816453,4,816453,4,304992,6,238971,8,124580,13,326,35,1102,4402408,4175451,226957,3987758,187693,664763608,630493101,630083411,151,151,36.8,433.7,103.0
28330_2#172,"Scaffold: Velvet + Improvement",6430955,23,279606.74,1592188,768980,3,479196,4,462149,5,427998,6,342767,8,317,23,168,3615778,3412347,203431,3246200,166147,545982478,515264397,514913196,151,151,36.6,448.3,103.4
28330_2#174,"Scaffold: Velvet + Improvement",6700518,30,223350.60,1091587,858385,4,455769,5,421653,6,299480,8,124323,11,311,30,113,4475692,4249494,226198,4062058,187436,675829492,641673594,641255722,151,151,36.8,431.7,99.9
28330_2#176,"Scaffold: Velvet + Improvement",6502809,25,260112.36,1302971,567584,4,516318,5,494412,7,441032,8,227048,10,320,25,298,3920496,3705684,214812,3529906,175778,591994896,559558284,559169231,151,151,36.6,443.4,103.6
28330_2#178,"Scaffold: Velvet + Improvement",6748575,36,187460.42,1921191,1730489,2,730973,3,591436,4,185308,6,120461,10,300,36,465,3957692,3747263,210429,3575368,171895,597611492,565836713,565462964,151,151,36.7,437.0,106.3
28330_2#180,"Scaffold: Velvet + Improvement",7002761,38,184283.18,1764839,667376,3,511750,4,444899,5,280225,8,233919,10,332,38,698,4783740,4551225,232515,4358220,193005,722344740,687234975,686788275,151,151,36.8,425.0,99.4
28330_2#182,"Scaffold: Velvet + Improvement",6829643,42,162610.55,1188406,473996,5,472453,6,448634,8,253626,10,153379,13,305,42,569,3567248,3351957,215291,3173622,178335,538654448,506145507,505797710,151,151,36.5,447.3,113.2
28330_2#184,"Scaffold: Velvet + Improvement",6630352,37,179198.70,1652531,493973,4,410178,6,398753,7,330958,9,143335,12,300,37,82,4118412,3915019,203393,3757660,157359,621880212,591167869,590769223,151,151,36.8,415.4,105.7
28330_2#186,"Scaffold: Velvet + Improvement",6283727,22,285623.95,881498,475772,5,417803,7,411278,8,283715,10,268946,12,314,22,0,4139332,3895364,243968,3701316,194048,625039132,588199964,587776081,151,151,36.5,440.5,104.5
